doc_id,dominant_topic,confidence
0,3,0.6384364
1,2,0.96214443
2,3,0.62697506
3,5,0.95817953
4,2,0.7569066
5,5,0.9581772
6,5,0.9494146
7,2,0.98212427
8,2,0.98446584
9,6,0.96168584
10,3,0.6816764
11,3,0.70285875
12,2,0.8916357
13,6,0.8536598
14,5,0.9615121
15,0,0.5844705
16,1,0.75634915
17,4,0.9641637
18,6,0.82266974
19,3,0.5826202
20,5,0.9581799
21,0,0.5906777
22,2,0.9649758
23,3,0.58849174
24,7,0.55754715
25,6,0.9616897
26,3,0.67352957
27,2,0.6503331
28,0,0.51070255
29,6,0.84820074
30,6,0.9645184
31,3,0.69502515
32,5,0.95817804
33,3,0.7769612
34,0,0.8226244
35,3,0.6054933
36,6,0.8159802
37,5,0.7623391
38,0,0.5523688
39,2,0.9844662
40,0,0.95872
41,3,0.9834995
42,1,0.56141484
43,3,0.61908686
44,0,0.9587217
45,6,0.9645162
46,6,0.96168965
47,2,0.982771
48,3,0.9828273
49,2,0.9550113
50,6,0.9544232
51,2,0.98142284
52,3,0.61397177
53,3,0.52693987
54,3,0.52785
55,6,0.7062348
56,3,0.6470986
57,7,0.8672768
58,3,0.7257539
59,0,0.5744845
60,0,0.5706399
61,6,0.96168727
62,1,0.55855656
63,0,0.87999386
64,6,0.80674344
65,1,0.95724285
66,0,0.55906993
67,3,0.48609784
68,5,0.8058166
69,0,0.96481794
70,0,0.96722865
71,6,0.9669575
72,4,0.6555035
73,0,0.87080234
74,3,0.56407315
75,0,0.9548064
76,4,0.498195
77,3,0.6335774
78,3,0.60152084
79,7,0.9575021
80,5,0.6828706
81,2,0.9789495
82,0,0.9587158
83,1,0.84330374
84,4,0.78023946
85,7,0.7778723
86,7,0.501052
87,1,0.5030497
88,6,0.95837134
89,2,0.54325265
90,4,0.9491457
91,3,0.67743635
92,3,0.64479345
93,5,0.9643555
94,6,0.9690834
95,0,0.9587213
96,6,0.64385784
97,3,0.9841212
98,3,0.61305755
99,2,0.964976
100,5,0.95817506
101,3,0.5970627
102,6,0.68004346
103,5,0.7945405
104,3,0.6677392
105,3,0.7959933
106,3,0.6778627
107,3,0.71664155
108,3,0.5415706
109,7,0.8044284
110,3,0.7134497
111,2,0.9814225
112,3,0.75253135
113,4,0.5542297
114,7,0.95346737
115,6,0.9616894
116,3,0.6548888
117,0,0.9587164
118,3,0.5493475
119,3,0.70883614
120,3,0.7251688
121,0,0.6223178
122,3,0.56809837
123,3,0.5893702
124,2,0.9673834
125,0,0.49866015
126,5,0.9615107
127,2,0.98142385
128,6,0.96169084
129,3,0.628431
130,3,0.8786309
131,4,0.9539666
132,3,0.9834996
133,5,0.49056882
134,5,0.958178
135,3,0.5892577
136,3,0.64772767
137,3,0.69487256
138,3,0.827013
139,6,0.7699339
140,0,0.96201116
141,3,0.5287798
142,2,0.9694822
143,2,0.982771
144,3,0.51573557
145,3,0.5741979
146,7,0.9575002
147,1,0.8519724
148,6,0.4758626
149,6,0.96168786
150,5,0.96151257
151,0,0.7154092
152,3,0.5741681
153,2,0.8714765
154,0,0.95872027
155,2,0.9827724
156,5,0.87690717
157,2,0.94161177
158,5,0.9615135
159,2,0.64299595
160,3,0.6638309
161,0,0.5229069
162,7,0.9534652
163,2,0.9821233
164,4,0.9579583
165,6,0.6156503
166,4,0.9579546
167,0,0.6394834
168,4,0.95795894
169,3,0.73594725
170,3,0.54667723
171,0,0.7370511
172,5,0.77991414
173,6,0.7918462
174,5,0.95817924
175,2,0.98277265
176,6,0.8261542
177,3,0.73621917
178,3,0.6132699
179,3,0.9828273
180,0,0.8651112
181,5,0.9542127
182,3,0.71575665
183,3,0.9841212
184,6,0.9616887
185,3,0.5527241
186,0,0.9672362
187,5,0.95817184
188,3,0.6951998
189,0,0.9648161
190,4,0.4980898
191,4,0.9579587
192,5,0.9615128
193,7,0.57377756
194,5,0.9581787
195,6,0.9616904
196,6,0.9616869
197,6,0.48726854
198,0,0.5656991
199,3,0.5504903
200,4,0.96130663
201,1,0.86193484
202,3,0.8209288
203,1,0.95724475
204,6,0.85298735
205,4,0.4993499
206,0,0.9620125
207,5,0.96435404
208,3,0.520786
209,5,0.9615132
210,3,0.6337982
211,7,0.9575022
212,1,0.9660668
213,6,0.6987271
214,2,0.96497697
215,3,0.68925893
216,3,0.98412114
217,5,0.7981884
218,6,0.9583699
219,3,0.58206636
220,5,0.9615135
221,0,0.49805465
222,1,0.3992986
223,3,0.5970045
224,0,0.5649986
225,1,0.5573342
226,5,0.9615141
227,3,0.6465427
228,3,0.5472853
229,3,0.7112534
230,3,0.58017015
231,5,0.82416534
232,0,0.9648171
233,3,0.62774104
234,7,0.83877224
235,3,0.98349965
236,1,0.9572451
237,3,0.68404883
238,6,0.8547266
239,0,0.5030837
240,4,0.96130615
241,7,0.64510775
242,2,0.97984415
243,4,0.5504181
244,0,0.8807336
245,3,0.5964604
246,4,0.7385001
247,3,0.61410815
248,4,0.9579554
249,5,0.9643539
250,3,0.66823685
251,5,0.9615132
252,0,0.54595673
253,3,0.57949
254,3,0.52933556
255,2,0.80459964
256,6,0.964519
257,3,0.4995177
258,6,0.9583716
259,4,0.9579548
260,3,0.5842518
261,3,0.6919058
262,3,0.75767654
263,3,0.5795411
264,3,0.5074669
265,2,0.9115803
266,5,0.71609676
267,2,0.9589079
268,2,0.9827734
269,2,0.9833772
270,5,0.53455156
271,3,0.59779483
272,2,0.9673831
273,5,0.8607708
274,6,0.7738801
275,0,0.49796653
276,3,0.6293893
277,5,0.8598585
278,0,0.71904176
279,5,0.9581793
280,5,0.9581797
281,6,0.7469162
282,0,0.4952671
283,4,0.9579586
284,4,0.60620135
285,0,0.9587184
286,7,0.6838339
287,3,0.6159132
288,4,0.6079509
289,3,0.98282725
290,1,0.7430497
291,3,0.56553495
292,2,0.50583375
293,3,0.69727474
294,4,0.62864363
295,3,0.510579
296,0,0.3815312
297,3,0.51643777
298,6,0.95837057
299,3,0.7244555
300,3,0.92944586
301,6,0.83154696
302,7,0.52401066
303,3,0.68966377
304,3,0.64169276
305,3,0.7192081
306,2,0.9839393
307,0,0.96200943
308,6,0.96695757
309,1,0.51458806
310,5,0.8287351
311,2,0.98277265
312,3,0.71121174
313,6,0.63976824
314,5,0.83855885
315,0,0.5783251
316,2,0.7222168
317,2,0.9821209
318,2,0.96738327
319,3,0.8507296
320,5,0.96151334
321,3,0.56861633
322,4,0.9641655
323,3,0.7943801
324,3,0.525316
325,0,0.7959461
326,6,0.96169037
327,0,0.96201015
328,5,0.96435565
329,0,0.9672357
330,3,0.6079122
331,6,0.81218094
332,4,0.9539714
333,6,0.6206428
334,4,0.64172244
335,3,0.5246942
336,3,0.98282707
337,6,0.53757286
338,4,0.96130663
339,6,0.9616908
340,3,0.6962048
341,4,0.5518209
342,5,0.7502656
343,0,0.5101036
344,3,0.5660931
345,2,0.96497744
346,3,0.9087378
347,3,0.6867215
348,7,0.6502474
349,6,0.6963809
350,3,0.8339453
351,5,0.9581792
352,3,0.67130345
353,3,0.65153563
354,2,0.9814222
355,1,0.953193
356,3,0.6574561
357,3,0.9828272
358,0,0.5573142
359,1,0.7959437
360,4,0.9539688
361,0,0.9648166
362,3,0.6334326
363,1,0.51688784
364,4,0.65846807
365,3,0.9834996
366,2,0.80138385
367,3,0.604
368,3,0.791677
369,2,0.8124273
370,3,0.6883285
371,3,0.6323833
372,3,0.49801263
373,6,0.71786374
374,0,0.96481633
375,6,0.817067
376,6,0.9690826
377,4,0.93284464
378,2,0.9821219
379,6,0.8313757
380,3,0.6337275
381,2,0.9827706
382,3,0.6514574
383,6,0.765392
384,5,0.7103469
385,4,0.9613081
386,0,0.95871884
387,7,0.963779
388,3,0.77473176
389,0,0.96723497
390,4,0.691222
391,3,0.6826501
392,3,0.5774789
393,3,0.6389001
394,3,0.9828272
395,6,0.9544236
396,3,0.5293148
397,0,0.9620065
398,3,0.63843215
399,4,0.9579575
400,2,0.84089977
401,2,0.85422444
402,0,0.46554446
403,6,0.6775419
404,7,0.7679907
405,4,0.96130663
406,3,0.6287947
407,2,0.9673834
408,5,0.95421386
409,5,0.5032131
410,3,0.5430173
411,2,0.8652409
412,0,0.53789407
413,0,0.57079667
414,2,0.9563954
415,4,0.96130836
416,5,0.66090417
417,7,0.95749986
418,2,0.96738505
419,6,0.9583716
420,3,0.493674
421,2,0.6372588
422,2,0.9814236
423,7,0.5323928
424,0,0.95872223
425,4,0.83848685
426,4,0.9641636
427,4,0.7526221
428,4,0.76892346
429,6,0.9669563
430,0,0.51061034
431,6,0.83202887
432,3,0.98282737
433,1,0.7242287
434,1,0.62808675
435,5,0.82793885
436,6,0.96451837
437,5,0.96435505
438,6,0.78705317
439,1,0.9660671
440,2,0.97984374
441,5,0.81121504
442,3,0.7435526
443,3,0.7368921
444,0,0.5606018
445,1,0.9531932
446,6,0.96167874
447,6,0.9645181
448,3,0.53485805
449,5,0.83481264
450,7,0.86857754
451,3,0.6109413
452,3,0.64703476
453,6,0.85448265
454,5,0.96435386
455,3,0.6021997
456,0,0.95872116
457,3,0.6608193
458,3,0.6207491
459,3,0.669415
460,7,0.6434448
461,2,0.98393995
462,7,0.49256113
463,3,0.670877
464,6,0.5989482
465,0,0.8119444
466,3,0.3882376
467,6,0.9544223
468,4,0.9613076
469,0,0.5446396
470,0,0.8703362
471,4,0.96130824
472,4,0.9641659
473,6,0.9645175
474,6,0.9583707
475,3,0.56321776
476,5,0.96151286
477,3,0.64657503
478,5,0.868342
479,5,0.94941545
480,3,0.69258094
481,3,0.6237175
482,0,0.8138697
483,5,0.9581795
484,4,0.95795476
485,3,0.6870188
486,2,0.8037506
487,3,0.58974475
488,0,0.5719296
489,2,0.76584
490,0,0.96723384
491,2,0.9821225
492,3,0.7117315
493,3,0.5846892
494,3,0.53054875
495,3,0.6712416
496,3,0.6216694
497,3,0.6979488
498,3,0.69011843
499,6,0.96168846
500,3,0.7330355
501,0,0.96201277
502,2,0.96738255
503,0,0.8468207
504,4,0.7013783
505,3,0.55743915
506,2,0.9827733
507,2,0.46915653
508,3,0.64827067
509,3,0.8733304
510,3,0.61557317
511,2,0.6751047
512,3,0.9828273
513,6,0.7979472
514,3,0.74300253
515,6,0.708788
516,2,0.9621836
517,3,0.62235606
518,0,0.96481645
519,6,0.95837194
520,3,0.8448811
521,0,0.5513439
522,3,0.7948846
523,2,0.9844658
524,0,0.8169717
525,3,0.62099797
526,6,0.7534079
527,0,0.58911353
528,6,0.96168923
529,3,0.63354236
530,0,0.5564585
531,1,0.9606539
532,4,0.96416444
533,3,0.9820978
534,4,0.83063084
535,3,0.5953875
536,1,0.95319086
537,3,0.7245547
538,3,0.9841212
539,2,0.9814241
540,3,0.6773521
541,5,0.6836406
542,3,0.58146185
543,0,0.51193744
544,3,0.61458224
545,2,0.9300764
546,0,0.96481603
547,4,0.9641649
548,2,0.96948314
549,3,0.65139955
550,0,0.5656114
551,3,0.6938717
552,5,0.8758586
553,2,0.96497715
554,5,0.961512
555,3,0.5673676
556,6,0.59198684
557,7,0.72925097
558,4,0.8772235
559,0,0.5453957
560,7,0.95750076
561,6,0.6989506
562,3,0.67375237
563,3,0.6245341
564,7,0.957502
565,0,0.4589937
566,2,0.9833751
567,3,0.66535014
568,1,0.6647888
569,0,0.96481705
570,3,0.723732
571,3,0.68029255
572,0,0.9587198
573,0,0.7679483
574,2,0.9673836
575,2,0.983377
576,4,0.82713354
577,1,0.95319
578,1,0.95724547
579,3,0.5099487
580,3,0.53149813
581,3,0.62252647
582,1,0.95724356
583,1,0.72369605
584,3,0.6678095
585,6,0.6427826
586,3,0.56335753
587,3,0.60723954
588,4,0.95795643
589,6,0.86312246
590,5,0.74749756
591,3,0.9828273
592,3,0.9834996
593,1,0.6070986
594,4,0.9641666
595,7,0.7012673
596,0,0.85192525
597,3,0.66812885
598,6,0.718106
599,3,0.5230634
600,6,0.7559292
601,6,0.96695757
602,4,0.96130854
603,3,0.68785614
604,5,0.85888875
605,6,0.9544237
606,6,0.96908325
607,6,0.9583681
608,3,0.5581991
609,3,0.67012274
610,6,0.86312366
611,3,0.65383327
612,6,0.96169114
613,6,0.9645195
614,3,0.7164153
615,2,0.96738464
616,6,0.7295768
617,5,0.8060789
618,0,0.9548049
619,0,0.815167
620,0,0.5452898
621,6,0.7092039
622,0,0.54157066
623,0,0.8887987
624,3,0.68222994
625,3,0.6485118
626,3,0.78335136
627,5,0.9542118
628,5,0.8628051
629,3,0.8985879
630,2,0.96738553
631,3,0.8455719
632,3,0.5878361
633,3,0.6060603
634,5,0.9615117
635,3,0.6785415
636,3,0.7652941
637,3,0.66745037
638,3,0.7047953
639,0,0.9620112
640,3,0.5305542
641,3,0.6067793
642,3,0.5187069
643,0,0.967236
644,3,0.71088016
645,2,0.6305631
646,5,0.74906176
647,4,0.8072397
648,1,0.837779
649,3,0.5953223
650,3,0.5827484
651,3,0.50328547
652,5,0.96680504
653,0,0.5440108
654,1,0.6213736
655,5,0.7612135
656,3,0.5179255
657,3,0.58680314
658,1,0.9572461
659,4,0.706473
660,3,0.58100617
661,2,0.81705964
662,0,0.9648177
663,0,0.9648167
664,0,0.5160782
665,6,0.38460296
666,0,0.80665237
667,4,0.953964
668,0,0.5566043
669,3,0.59621847
670,7,0.74330515
671,7,0.67053384
672,0,0.7413028
673,0,0.56288576
674,3,0.6766997
675,3,0.7709709
676,2,0.89205134
677,3,0.55656874
678,2,0.9589072
679,0,0.9587158
680,3,0.9834995
681,6,0.50617033
682,1,0.5681507
683,3,0.8786785
684,2,0.9821216
685,2,0.9833761
686,0,0.56760335
687,3,0.79614997
688,2,0.98066545
689,0,0.9648166
690,3,0.6712762
691,0,0.5051096
692,6,0.9583718
693,3,0.69282293
694,2,0.9673848
695,0,0.5702384
696,0,0.51728356
697,3,0.5472902
698,4,0.9579575
699,3,0.6840363
700,6,0.81959176
701,2,0.9839397
702,2,0.56888884
703,0,0.78664577
704,3,0.5254188
705,2,0.98277044
706,1,0.96356076
707,3,0.590346
708,2,0.74824494
709,3,0.5470794
710,3,0.6891728
711,0,0.50310963
712,3,0.6510682
713,1,0.95319
714,3,0.5900707
715,4,0.76448935
716,0,0.49617463
717,4,0.9613049
718,3,0.98412114
719,2,0.8822936
720,2,0.98337615
721,7,0.8051532
722,3,0.5437571
723,6,0.9690841
724,0,0.81000596
725,3,0.68436164
726,4,0.957955
727,3,0.5033701
728,2,0.9385843
729,2,0.9673842
730,2,0.9673834
731,2,0.9821247
732,4,0.67919093
733,3,0.4950792
734,1,0.50744987
735,3,0.6873131
736,3,0.70365936
737,1,0.9572455
738,0,0.8527291
739,3,0.57054406
740,6,0.6800832
741,3,0.5925855
742,0,0.4810507
743,3,0.5163433
744,3,0.9820978
745,3,0.7418094
746,3,0.98349965
747,0,0.8900181
748,3,0.64389825
749,5,0.9542124
750,3,0.9834995
751,0,0.84790736
752,4,0.754587
753,6,0.961691
754,3,0.5453318
755,0,0.96723586
756,4,0.50734043
757,3,0.6289469
758,3,0.67751753
759,2,0.9806663
760,0,0.9648146
761,0,0.5008355
762,3,0.6116834
763,0,0.50028986
764,4,0.64521015
765,6,0.58593994
766,3,0.62476313
767,2,0.8169384
768,5,0.8637982
769,3,0.7514874
770,6,0.9616911
771,3,0.5472524
772,3,0.6154649
773,6,0.7533068
774,2,0.83715147
775,7,0.9534717
776,4,0.9579586
777,4,0.4835841
778,4,0.9579537
779,0,0.96481603
780,2,0.9821235
781,5,0.95421284
782,0,0.54044247
783,5,0.9581788
784,3,0.7183361
785,2,0.9833758
786,0,0.96481717
787,0,0.96201164
788,0,0.76291245
789,2,0.93628997
790,3,0.5494094
791,6,0.8605485
792,1,0.49516565
793,1,0.6890622
794,0,0.6661485
795,0,0.96481764
796,3,0.5537129
797,0,0.5619685
798,3,0.5802041
799,3,0.5163013
800,2,0.9649762
801,0,0.96201247
802,5,0.82918054
803,0,0.5310988
804,2,0.786272
805,3,0.71108866
806,4,0.8177255
807,2,0.635276
808,3,0.72384626
809,0,0.68434334
810,0,0.5633199
811,6,0.53551716
812,5,0.95421386
813,1,0.72243184
814,3,0.7392751
815,4,0.84500825
816,6,0.7727043
817,7,0.9534685
818,3,0.6664674
819,4,0.7784785
820,7,0.6381528
821,1,0.72709817
822,2,0.9839364
823,3,0.84813476
824,7,0.8000335
825,6,0.8524449
826,3,0.7458313
827,3,0.7910264
828,5,0.9542126
829,3,0.68684316
830,4,0.39965963
831,1,0.96606296
832,3,0.5334406
833,3,0.59020555
834,6,0.95837134
835,3,0.67771125
836,2,0.98337734
837,2,0.98212326
838,2,0.98394006
839,6,0.96451867
840,6,0.9544231
841,3,0.9828273
842,3,0.53710955
843,3,0.927385
844,5,0.9643545
845,4,0.9579563
846,2,0.96948177
847,7,0.4166729
848,0,0.95872253
849,3,0.98349965
850,3,0.89904463
851,0,0.49278516
852,0,0.5134713
853,3,0.5294697
854,0,0.9548033
855,2,0.9827733
856,5,0.9581739
857,3,0.8815663
858,3,0.661889
859,5,0.9542134
860,3,0.71413434
861,3,0.63140315
862,3,0.6063327
863,3,0.83197075
864,0,0.96200794
865,2,0.98212373
866,0,0.55818975
867,6,0.96695644
868,2,0.9844653
869,0,0.96481514
870,3,0.76184666
871,4,0.9613071
872,5,0.9581773
873,6,0.69121903
874,3,0.646971
875,5,0.79680055
876,6,0.678891
877,2,0.9844656
878,3,0.54921466
879,2,0.5914856
880,2,0.7705483
881,3,0.7633533
882,3,0.54455394
883,3,0.7091664
884,3,0.5179498
885,3,0.5573723
886,3,0.6535222
887,0,0.9693439
888,3,0.8981994
889,5,0.95817935
890,6,0.5194529
891,0,0.9648145
892,2,0.9821245
893,3,0.56516904
894,3,0.61222446
895,4,0.82144725
896,3,0.6497099
897,6,0.966956
898,2,0.98394036
899,2,0.96497786
900,1,0.59281784
901,7,0.72896206
902,3,0.55937177
903,3,0.60577315
904,3,0.8092212
905,3,0.64982957
906,3,0.7359171
907,3,0.65581113
908,2,0.9814052
909,7,0.6497577
910,6,0.9616907
911,3,0.34514713
912,3,0.5783644
913,6,0.7487445
914,3,0.55878234
915,3,0.8002216
916,2,0.5140875
917,6,0.9544237
918,6,0.76945996
919,0,0.44340524
920,0,0.9548066
921,4,0.9539685
922,5,0.9542095
923,5,0.85489225
924,0,0.96481615
925,5,0.95817876
926,6,0.42781404
927,3,0.76099235
928,0,0.4913041
929,6,0.95442426
930,3,0.5090723
931,2,0.98393947
932,3,0.6454487
933,2,0.88762057
934,6,0.8471985
935,2,0.9673808
936,3,0.98349965
937,3,0.66124177
938,0,0.52518344
939,0,0.8573278
940,6,0.69780105
941,0,0.958719
942,2,0.9649772
943,2,0.83499736
944,2,0.9649777
945,0,0.96481663
946,7,0.49186483
947,6,0.73779255
948,2,0.98212236
949,6,0.9645172
950,5,0.86057657
951,7,0.96089125
952,3,0.56170326
953,2,0.97984415
954,4,0.745571
955,3,0.9152808
956,2,0.9673856
957,0,0.8908482
958,5,0.8609758
959,3,0.84204966
960,6,0.9645185
961,0,0.9648167
962,0,0.8324442
963,0,0.83183455
964,2,0.9649775
965,1,0.4694042
966,0,0.96200967
967,3,0.47233054
968,0,0.43760255
969,3,0.54247427
970,6,0.9645181
971,3,0.6092614
972,3,0.63721275
973,3,0.9828273
974,5,0.9581792
975,5,0.958179
976,4,0.6822286
977,1,0.9635549
978,5,0.888565
979,5,0.9542137
980,0,0.9587214
981,2,0.9839403
982,0,0.96200895
983,5,0.9615127
984,2,0.91615146
985,7,0.8734854
986,0,0.964817
987,3,0.7533674
988,4,0.8001522
989,2,0.98277354
990,3,0.7049474
991,6,0.5441272
992,3,0.62270004
993,3,0.8296344
994,3,0.6314072
995,4,0.9579579
996,2,0.967384
997,7,0.95347196
998,3,0.6203347
999,3,0.8396486
1000,2,0.9814226
1001,0,0.72935635
1002,1,0.9606545
1003,6,0.9616897
1004,2,0.8020656
1005,3,0.67322296
1006,3,0.6051089
1007,7,0.8287605
1008,5,0.8787186
1009,6,0.84459615
1010,5,0.9615122
1011,1,0.8438699
1012,6,0.4946012
1013,3,0.7074688
1014,0,0.73602915
1015,0,0.8414283
1016,5,0.71749973
1017,2,0.9673861
1018,3,0.9828273
1019,3,0.9841212
1020,1,0.9572478
1021,3,0.73591125
1022,6,0.7207911
1023,3,0.7994695
1024,4,0.8611201
1025,0,0.4964901
1026,3,0.98282737
1027,0,0.9548029
1028,6,0.9616905
1029,6,0.8754819
1030,6,0.71903354
1031,0,0.83178467
1032,3,0.9834997
1033,2,0.72480536
1034,3,0.7355854
1035,2,0.5170013
1036,3,0.6789196
1037,0,0.53970927
1038,3,0.724586
1039,3,0.61828524
1040,3,0.771434
1041,2,0.9621806
1042,5,0.85087204
1043,1,0.5522137
1044,2,0.8258334
1045,3,0.71622026
1046,6,0.88139206
1047,4,0.72517
1048,2,0.9649772
1049,3,0.590026
1050,3,0.98349947
1051,2,0.9827731
1052,3,0.71476996
1053,4,0.64903986
1054,0,0.8746412
1055,3,0.78310865
1056,4,0.9613097
1057,2,0.44496477
1058,6,0.64756155
1059,0,0.5759347
1060,4,0.96130973
1061,3,0.9834996
1062,2,0.96497667
1063,4,0.80733716
1064,6,0.9616884
1065,6,0.958372
1066,3,0.64209926
1067,3,0.6341253
1068,4,0.7387362
1069,3,0.7796862
1070,0,0.9587179
1071,7,0.61326665
1072,0,0.5157667
1073,2,0.9821226
1074,6,0.8445341
1075,6,0.9544229
1076,0,0.95872194
1077,4,0.95795035
1078,6,0.6920669
1079,6,0.84334475
1080,5,0.75177234
1081,7,0.5443349
1082,3,0.58445823
1083,4,0.9579534
1084,3,0.60820186
1085,3,0.61710465
1086,4,0.95795906
1087,0,0.7101798
1088,4,0.5580179
1089,0,0.8580977
1090,0,0.9648158
1091,3,0.9820979
1092,0,0.50756544
1093,3,0.8156179
1094,6,0.9645197
1095,3,0.74673307
1096,3,0.8333458
1097,1,0.628375
1098,3,0.61894125
1099,3,0.70383435
1100,4,0.89747846
1101,6,0.9645186
1102,5,0.74091715
1103,0,0.6489311
1104,0,0.96481645
1105,3,0.8969628
1106,0,0.5660955
1107,6,0.96695715
1108,7,0.50745755
1109,2,0.98337734
1110,1,0.6154657
1111,3,0.6920178
1112,5,0.7498
1113,2,0.9649777
1114,3,0.668391
1115,3,0.62920696
1116,3,0.98282737
1117,3,0.59994894
1118,6,0.7084634
1119,3,0.63947207
1120,3,0.5267804
1121,3,0.9834995
1122,3,0.98412126
1123,0,0.96201026
1124,3,0.8926623
1125,2,0.9821238
1126,3,0.52351964
1127,3,0.98130363
1128,5,0.95817834
1129,4,0.7636114
1130,5,0.95817894
1131,0,0.96200943
1132,3,0.5840218
1133,3,0.52911735
1134,6,0.7866574
1135,5,0.7878777
1136,6,0.9616911
1137,2,0.96497583
1138,3,0.7481786
1139,0,0.967236
1140,2,0.96497464
1141,3,0.6433447
1142,1,0.95724565
1143,1,0.96355957
1144,1,0.73563766
1145,5,0.96151245
1146,1,0.9682499
1147,3,0.730346
1148,0,0.5180433
1149,6,0.9583708
1150,4,0.957956
1151,0,0.9620087
1152,5,0.95421124
1153,5,0.787256
1154,7,0.96089077
1155,0,0.9648173
1156,5,0.9581783
1157,2,0.66731715
1158,3,0.98282725
1159,4,0.74910325
1160,0,0.5134572
1161,0,0.5338863
1162,4,0.9539659
1163,3,0.6154463
1164,6,0.9616905
1165,6,0.5506758
1166,3,0.61296093
1167,2,0.962185
1168,3,0.82321113
1169,3,0.81099176
1170,0,0.7173213
1171,3,0.7324796
1172,3,0.5948184
1173,3,0.7124529
1174,3,0.9828272
1175,0,0.9648139
1176,4,0.8011062
1177,2,0.98212415
1178,2,0.96497726
1179,6,0.9616878
1180,6,0.85877717
1181,3,0.68376666
1182,0,0.7163383
1183,0,0.56742465
1184,3,0.54947585
1185,3,0.7450587
1186,3,0.5328176
1187,3,0.6265501
1188,3,0.62988496
1189,5,0.72870857
1190,2,0.9621837
1191,6,0.96168995
1192,5,0.95818025
1193,3,0.5451448
1194,5,0.9581793
1195,3,0.66811293
1196,1,0.460077
1197,2,0.96738446
1198,3,0.53005147
1199,3,0.9834996
1200,3,0.6266096
1201,5,0.9581797
1202,2,0.98066705
1203,0,0.9620128
1204,6,0.7987459
1205,3,0.74324876
1206,0,0.9587219
1207,6,0.8347985
1208,0,0.9587172
1209,0,0.5471182
1210,0,0.5925251
1211,5,0.9643541
1212,2,0.78695893
1213,4,0.96130913
1214,3,0.59705997
1215,7,0.7747191
1216,6,0.82493603
1217,6,0.96168983
1218,0,0.87884086
1219,1,0.9572451
1220,3,0.6506081
1221,0,0.958722
1222,3,0.6461987
1223,0,0.508057
1224,3,0.63043946
1225,0,0.46240243
1226,6,0.8694927
1227,2,0.98337734
1228,3,0.69813555
1229,6,0.96168816
1230,6,0.96169055
1231,6,0.8013071
1232,3,0.6043125
1233,4,0.95795643
1234,2,0.74882597
1235,3,0.80234164
1236,5,0.94941515
1237,0,0.964817
1238,6,0.9669571
1239,2,0.7554858
1240,3,0.6697799
1241,1,0.5643958
1242,6,0.95837176
1243,2,0.7136463
1244,3,0.7498292
1245,3,0.5943888
1246,1,0.95724607
1247,2,0.98337525
1248,2,0.9694829
1249,0,0.8059138
1250,0,0.9648165
1251,2,0.98337704
1252,3,0.67194515
1253,1,0.9701695
1254,3,0.61329067
1255,3,0.55230254
1256,3,0.6135545
1257,6,0.9690833
1258,6,0.8400074
1259,2,0.6540108
1260,0,0.9620112
1261,1,0.8154038
1262,3,0.9834995
1263,3,0.513136
1264,3,0.5680295
1265,5,0.96435434
1266,0,0.96200967
1267,3,0.571149
1268,3,0.98282725
1269,6,0.67163426
1270,0,0.8695435
1271,0,0.964816
1272,4,0.771799
1273,3,0.72458714
1274,3,0.58231133
1275,3,0.5617882
1276,3,0.63357514
1277,6,0.837618
1278,4,0.964166
1279,2,0.9821223
1280,3,0.60007435
1281,3,0.59804195
1282,2,0.5561407
1283,2,0.98277277
1284,6,0.9583703
1285,4,0.961309
1286,0,0.5093128
1287,0,0.8891766
1288,3,0.55699676
1289,3,0.5330032
1290,6,0.9544224
1291,6,0.96168864
1292,3,0.7257874
1293,3,0.6560055
1294,3,0.6599537
1295,2,0.94427556
1296,3,0.98209786
1297,3,0.9834996
1298,3,0.9820978
1299,3,0.72779906
1300,6,0.9616909
1301,3,0.6248898
1302,2,0.7387014
1303,0,0.9620112
1304,6,0.96169066
1305,3,0.66072005
1306,0,0.83545387
1307,4,0.9613074
1308,2,0.75489646
1309,6,0.95837086
1310,6,0.96451926
1311,6,0.83765477
1312,6,0.77945787
1313,5,0.9581809
1314,3,0.68626153
1315,0,0.96723676
1316,2,0.984466
1317,2,0.9839401
1318,0,0.5953158
1319,2,0.96738565
1320,6,0.43153295
1321,0,0.9587206
1322,3,0.9834996
1323,3,0.6231005
1324,7,0.8401763
1325,3,0.50293416
1326,3,0.6892584
1327,0,0.7170549
1328,3,0.6270909
1329,3,0.57403815
1330,5,0.9615131
1331,3,0.5350685
1332,7,0.58276826
1333,5,0.95421344
1334,7,0.95750046
1335,3,0.5755044
1336,5,0.9615132
1337,5,0.9615135
1338,5,0.84427756
1339,0,0.962013
1340,3,0.52477694
1341,3,0.55381763
1342,3,0.98349965
1343,7,0.62811095
1344,3,0.6563555
1345,0,0.5311088
1346,0,0.81104183
1347,3,0.60912645
1348,4,0.9641664
1349,3,0.7136882
1350,6,0.96169
1351,3,0.7628362
1352,3,0.8137129
1353,3,0.7170227
1354,0,0.9672349
1355,2,0.981424
1356,3,0.5602724
1357,3,0.53491217
1358,5,0.8471632
1359,3,0.7311016
1360,3,0.7109212
1361,3,0.55445963
1362,6,0.79811496
1363,0,0.9672351
1364,4,0.9579581
1365,3,0.7211335
1366,0,0.9648172
1367,6,0.7566753
1368,2,0.8524254
1369,7,0.963776
1370,3,0.8466621
1371,6,0.96169066
1372,6,0.95836616
1373,3,0.6595125
1374,0,0.62294674
1375,0,0.9693417
1376,3,0.6956465
1377,3,0.5305214
1378,2,0.9621813
1379,3,0.5146186
1380,3,0.7161971
1381,0,0.96481645
1382,0,0.4902786
1383,6,0.9690821
1384,3,0.62113136
1385,5,0.96151173
1386,6,0.8176087
1387,2,0.9702002
1388,4,0.8519431
1389,4,0.6083373
1390,7,0.67893875
1391,3,0.55777764
1392,5,0.9581779
1393,0,0.7353922
1394,3,0.6876052
1395,5,0.9668052
1396,1,0.5777191
1397,7,0.7942923
1398,1,0.8892015
1399,3,0.5872123
1400,6,0.8473617
1401,0,0.967236
1402,0,0.5687412
1403,0,0.8175471
1404,0,0.9587207
1405,3,0.62110907
1406,6,0.58232796
1407,3,0.9834994
1408,3,0.5869277
1409,3,0.72336024
1410,7,0.9575022
1411,4,0.61636096
1412,0,0.9672361
1413,3,0.5854953
1414,0,0.964815
1415,3,0.9834995
1416,4,0.7637036
1417,1,0.55455214
1418,2,0.9814238
1419,0,0.550401
1420,3,0.5791538
1421,0,0.9587219
1422,0,0.8296711
1423,2,0.98277223
1424,3,0.6451048
1425,0,0.5877882
1426,2,0.98212457
1427,3,0.62951344
1428,3,0.693623
1429,6,0.6248038
1430,0,0.87912196
1431,4,0.95795447
1432,2,0.9833776
1433,4,0.9613094
1434,6,0.96169037
1435,2,0.9806675
1436,0,0.9620121
1437,6,0.7377507
1438,5,0.96151257
1439,2,0.98337585
1440,5,0.5498936
1441,3,0.50197774
1442,2,0.9694835
1443,6,0.9645187
1444,2,0.6660541
1445,3,0.54786354
1446,3,0.5883058
1447,3,0.66655564
1448,6,0.7961877
1449,0,0.7756294
1450,3,0.71807367
1451,3,0.63260645
1452,0,0.7310164
1453,3,0.5341599
1454,5,0.76608264
1455,0,0.96200925
1456,0,0.96481776
1457,6,0.62351614
1458,5,0.96151435
1459,6,0.79755294
1460,2,0.96497583
1461,5,0.9581795
1462,4,0.5401761
1463,7,0.957503
1464,3,0.5250909
1465,2,0.96497685
1466,3,0.6434552
1467,3,0.75458074
1468,6,0.67825276
1469,3,0.860742
1470,5,0.9542122
1471,2,0.9827737
1472,0,0.9620103
1473,3,0.6297257
1474,3,0.6588462
1475,1,0.95724654
1476,3,0.64785147
1477,4,0.95396936
1478,4,0.48669118
1479,3,0.57175744
1480,1,0.7559337
1481,2,0.9621844
1482,3,0.6025946
1483,0,0.5127342
1484,3,0.8910676
1485,4,0.6925032
1486,5,0.844539
1487,2,0.7588855
1488,5,0.8507808
1489,2,0.98394006
1490,2,0.9814243
1491,3,0.69582444
1492,5,0.6521562
1493,0,0.9548075
1494,3,0.5950579
1495,3,0.5750237
1496,6,0.96451783
1497,2,0.9849587
1498,0,0.51456404
1499,4,0.9613056
